{"$id":"368","definitionId":"38d4fad4acea4b3ea70473be79a23701","versionId":"433c5aa1075d41b8bdecd5165f6afe25","name":"FeedGetter","displayName":"FeedGetter","version":11,"variables":{"$id":"369","data":{}},"customAttributes":{"$id":"370","data":{}},"isSingleton":false,"persistenceBehavior":"WorkflowBurst","deleteCompletedInstances":false,"isPublished":true,"isLatest":true,"createdAt":"2023-09-20T02:30:38.6607574Z","activities":[{"$id":"371","activityId":"cc76e967-44b4-4d2f-b294-137381c3b7b9","type":"ObjectInstanceTrigger","displayName":"Object Instance Trigger","x":160,"y":120,"persistWorkflow":false,"loadWorkflowContext":false,"saveWorkflowContext":false,"properties":[{"$id":"372","name":"ObjectTypeId","expressions":{"$id":"373","Literal":"2"}}],"propertyStorageProviders":{"$id":"374"}},{"$id":"375","activityId":"6d6a3b39-9489-4341-8552-3e8723d34526","type":"SendHttpRequest","name":"GetFeed","displayName":"Send HTTP Request","x":280,"y":240,"persistWorkflow":false,"loadWorkflowContext":false,"saveWorkflowContext":false,"properties":[{"$id":"376","name":"Url","expressions":{"$id":"377","Literal":"https://www.smh.com.au/rss/feed.xml"}},{"$id":"378","name":"Method","expressions":{"$id":"379","Literal":"GET"}},{"$id":"380","name":"Content","expressions":{"$id":"381"}},{"$id":"382","name":"ContentType","expressions":{"$id":"383","Literal":"application/xml"}},{"$id":"384","name":"ReadContent","expressions":{"$id":"385","Literal":"true"}},{"$id":"386","name":"ResponseContentParserName","expressions":{"$id":"387","Literal":""}},{"$id":"388","name":"ResponseContentTargetType","expressions":{"$id":"389"}},{"$id":"390","name":"SupportedStatusCodes","expressions":{"$id":"391"}},{"$id":"392","name":"Authorization","expressions":{"$id":"393","Secret":"empty"}},{"$id":"394","name":"RequestHeaders","expressions":{"$id":"395"}}],"propertyStorageProviders":{"$id":"396"}},{"$id":"397","activityId":"b4bdaee6-cb83-4104-8cf5-53c4285bd22a","type":"SetVariable","displayName":"Set Variable","x":420,"y":340,"persistWorkflow":false,"loadWorkflowContext":false,"saveWorkflowContext":false,"properties":[{"$id":"398","name":"VariableName","expressions":{"$id":"399","Literal":"ThisFeed"}},{"$id":"400","name":"Value","syntax":"JavaScript","expressions":{"$id":"401","JavaScript":"activities.GetFeed.ResponseContent().rss"}}],"propertyStorageProviders":{"$id":"402"}},{"$id":"403","activityId":"3327da30-97e9-4843-bc35-32f8a7db10a5","type":"If","displayName":"If/Else","x":920,"y":440,"persistWorkflow":false,"loadWorkflowContext":false,"saveWorkflowContext":false,"properties":[{"$id":"404","name":"Condition","syntax":"JavaScript","expressions":{"$id":"405","JavaScript":"activities.GetFeeds.Output().count ==0"}}],"propertyStorageProviders":{"$id":"406"}},{"$id":"407","activityId":"c9c6fb76-1f6a-49f0-96d5-15d2c6d80ebe","type":"ObjectInstanceCreate","displayName":"Create Object Instance","x":1180,"y":340,"persistWorkflow":false,"loadWorkflowContext":false,"saveWorkflowContext":false,"properties":[{"$id":"408","name":"ObjectType","expressions":{"$id":"409","Literal":"1"}},{"$id":"410","name":"Values","syntax":"JavaScript","expressions":{"$id":"411","JavaScript":"var response = {\r\n    \"Title\": getVariable(\"ThisFeed\").channel.title,\r\n    \"AtomLink\": getVariable(\"ThisFeed\").channel.link,\r\n    \"Copyright\": getVariable(\"ThisFeed\").channel.copyright,\r\n    \"FeedUrl\": getVariable(\"ThisFeed\").channel.link,\r\n    \"Description\": getVariable(\"ThisFeed\").channel.description,\r\n    \"Language\": getVariable(\"ThisFeed\").channel.language,\r\n    \"LastBuildDate\": getVariable(\"ThisFeed\").channel.lastBuildDate\r\n\r\n};\r\nreturn response;"}},{"$id":"412","name":"VariableName","expressions":{"$id":"413","Literal":"ThisFeed"}}],"propertyStorageProviders":{"$id":"414"}},{"$id":"415","activityId":"39bc65cb-5b31-42d3-86fe-a111019aad9a","type":"ObjectInstanceList","name":"GetFeeds","displayName":"List Object Instances","x":500,"y":460,"persistWorkflow":false,"loadWorkflowContext":false,"saveWorkflowContext":false,"properties":[{"$id":"416","name":"ObjectType","expressions":{"$id":"417","Literal":"1"}},{"$id":"418","name":"Filter","expressions":{"$id":"419","Liquid":"","Literal":""}},{"$id":"420","name":"Skip","expressions":{"$id":"421"}},{"$id":"422","name":"Limit","expressions":{"$id":"423"}},{"$id":"424","name":"OrderBy","expressions":{"$id":"425"}}],"propertyStorageProviders":{"$id":"426"}}],"connections":[{"$id":"427","sourceActivityId":"cc76e967-44b4-4d2f-b294-137381c3b7b9","targetActivityId":"6d6a3b39-9489-4341-8552-3e8723d34526","outcome":"Done"},{"$id":"428","sourceActivityId":"6d6a3b39-9489-4341-8552-3e8723d34526","targetActivityId":"b4bdaee6-cb83-4104-8cf5-53c4285bd22a","outcome":"Done"},{"$id":"429","sourceActivityId":"b4bdaee6-cb83-4104-8cf5-53c4285bd22a","targetActivityId":"39bc65cb-5b31-42d3-86fe-a111019aad9a","outcome":"Done"},{"$id":"430","sourceActivityId":"39bc65cb-5b31-42d3-86fe-a111019aad9a","targetActivityId":"3327da30-97e9-4843-bc35-32f8a7db10a5","outcome":"Done"},{"$id":"431","sourceActivityId":"3327da30-97e9-4843-bc35-32f8a7db10a5","targetActivityId":"c9c6fb76-1f6a-49f0-96d5-15d2c6d80ebe","outcome":"True"}],"id":"433c5aa1075d41b8bdecd5165f6afe25"}