{"$id":"79","definitionId":"SETUP_64fd7f74-2034-48cf-8ca6-2997ecb3cd5c","versionId":"1","displayName":"InitialReader","description":"SETUP_InitialReader","version":0,"variables":{"$id":"80","data":{}},"customAttributes":{"$id":"81","data":{}},"isSingleton":false,"persistenceBehavior":"WorkflowBurst","deleteCompletedInstances":false,"isPublished":false,"isLatest":false,"createdAt":"1970-01-01T00:00:00Z","activities":[{"$id":"82","activityId":"CreateType_Channel","type":"TypeCreate","name":"CreateType_Channel","displayName":"CreateType_Channel","description":"CreateType_Channel","x":64,"y":64,"persistWorkflow":false,"loadWorkflowContext":false,"saveWorkflowContext":false,"properties":[{"$id":"83","name":"TypeName","syntax":"Literal","expressions":{"$id":"84","Literal":"Channel"}},{"$id":"85","name":"TypeDescription","syntax":"Literal","expressions":{"$id":"86","Literal":"RSS Channel"}}],"propertyStorageProviders":{"$id":"87"}},{"$id":"88","activityId":"CreateCol_Channel_2","type":"TypeAddColumn","name":"CreateCol_Channel_AtomLink","displayName":"CreateCol_Channel_AtomLink","x":192,"y":192,"persistWorkflow":false,"loadWorkflowContext":false,"saveWorkflowContext":false,"properties":[{"$id":"89","name":"ObjectType","syntax":"JavaScript","expressions":{"$id":"90","JavaScript":"return \"Channel\";"}},{"$id":"91","name":"ColumnName","syntax":"Literal","expressions":{"$id":"92","Literal":"AtomLink"}},{"$id":"93","name":"ColumnDisplayName","syntax":"Literal","expressions":{"$id":"94","Literal":"AtomLink"}},{"$id":"95","name":"ColumnDescription","syntax":"Literal","expressions":{"$id":"96","Literal":"AtomLink"}},{"$id":"97","name":"ColumnTypeId","syntax":"Literal","expressions":{"$id":"98","Literal":"6"}},{"$id":"99","name":"DisplayOrder","syntax":"Literal","expressions":{"$id":"100","Literal":"2"}},{"$id":"101","name":"Visible","syntax":"Literal","expressions":{"$id":"102","Literal":"True"}},{"$id":"103","name":"Indexed","syntax":"Literal","expressions":{"$id":"104","Literal":"False"}}],"propertyStorageProviders":{"$id":"105"}},{"$id":"106","activityId":"CreateCol_Channel_3","type":"TypeAddColumn","name":"CreateCol_Channel_Copyright","displayName":"CreateCol_Channel_Copyright","x":320,"y":320,"persistWorkflow":false,"loadWorkflowContext":false,"saveWorkflowContext":false,"properties":[{"$id":"107","name":"ObjectType","syntax":"JavaScript","expressions":{"$id":"108","JavaScript":"return \"Channel\";"}},{"$id":"109","name":"ColumnName","syntax":"Literal","expressions":{"$id":"110","Literal":"Copyright"}},{"$id":"111","name":"ColumnDisplayName","syntax":"Literal","expressions":{"$id":"112","Literal":"Copyright"}},{"$id":"113","name":"ColumnDescription","syntax":"Literal","expressions":{"$id":"114","Literal":"Copyright"}},{"$id":"115","name":"ColumnTypeId","syntax":"Literal","expressions":{"$id":"116","Literal":"6"}},{"$id":"117","name":"DisplayOrder","syntax":"Literal","expressions":{"$id":"118","Literal":"3"}},{"$id":"119","name":"Visible","syntax":"Literal","expressions":{"$id":"120","Literal":"True"}},{"$id":"121","name":"Indexed","syntax":"Literal","expressions":{"$id":"122","Literal":"False"}}],"propertyStorageProviders":{"$id":"123"}},{"$id":"124","activityId":"CreateCol_Channel_4","type":"TypeAddColumn","name":"CreateCol_Channel_FeedURL","displayName":"CreateCol_Channel_FeedURL","x":448,"y":448,"persistWorkflow":false,"loadWorkflowContext":false,"saveWorkflowContext":false,"properties":[{"$id":"125","name":"ObjectType","syntax":"JavaScript","expressions":{"$id":"126","JavaScript":"return \"Channel\";"}},{"$id":"127","name":"ColumnName","syntax":"Literal","expressions":{"$id":"128","Literal":"FeedURL"}},{"$id":"129","name":"ColumnDisplayName","syntax":"Literal","expressions":{"$id":"130","Literal":"FeedURL"}},{"$id":"131","name":"ColumnDescription","syntax":"Literal","expressions":{"$id":"132","Literal":"FeedURL"}},{"$id":"133","name":"ColumnTypeId","syntax":"Literal","expressions":{"$id":"134","Literal":"8"}},{"$id":"135","name":"DisplayOrder","syntax":"Literal","expressions":{"$id":"136","Literal":"4"}},{"$id":"137","name":"Visible","syntax":"Literal","expressions":{"$id":"138","Literal":"True"}},{"$id":"139","name":"Indexed","syntax":"Literal","expressions":{"$id":"140","Literal":"False"}}],"propertyStorageProviders":{"$id":"141"}},{"$id":"142","activityId":"CreateCol_Channel_5","type":"TypeAddColumn","name":"CreateCol_Channel_Description","displayName":"CreateCol_Channel_Description","x":576,"y":576,"persistWorkflow":false,"loadWorkflowContext":false,"saveWorkflowContext":false,"properties":[{"$id":"143","name":"ObjectType","syntax":"JavaScript","expressions":{"$id":"144","JavaScript":"return \"Channel\";"}},{"$id":"145","name":"ColumnName","syntax":"Literal","expressions":{"$id":"146","Literal":"Description"}},{"$id":"147","name":"ColumnDisplayName","syntax":"Literal","expressions":{"$id":"148","Literal":"Description"}},{"$id":"149","name":"ColumnDescription","syntax":"Literal","expressions":{"$id":"150","Literal":"Description"}},{"$id":"151","name":"ColumnTypeId","syntax":"Literal","expressions":{"$id":"152","Literal":"6"}},{"$id":"153","name":"DisplayOrder","syntax":"Literal","expressions":{"$id":"154","Literal":"5"}},{"$id":"155","name":"Visible","syntax":"Literal","expressions":{"$id":"156","Literal":"True"}},{"$id":"157","name":"Indexed","syntax":"Literal","expressions":{"$id":"158","Literal":"False"}}],"propertyStorageProviders":{"$id":"159"}},{"$id":"160","activityId":"CreateCol_Channel_6","type":"TypeAddColumn","name":"CreateCol_Channel_Language","displayName":"CreateCol_Channel_Language","x":704,"y":704,"persistWorkflow":false,"loadWorkflowContext":false,"saveWorkflowContext":false,"properties":[{"$id":"161","name":"ObjectType","syntax":"JavaScript","expressions":{"$id":"162","JavaScript":"return \"Channel\";"}},{"$id":"163","name":"ColumnName","syntax":"Literal","expressions":{"$id":"164","Literal":"Language"}},{"$id":"165","name":"ColumnDisplayName","syntax":"Literal","expressions":{"$id":"166","Literal":"Language"}},{"$id":"167","name":"ColumnDescription","syntax":"Literal","expressions":{"$id":"168","Literal":"Language"}},{"$id":"169","name":"ColumnTypeId","syntax":"Literal","expressions":{"$id":"170","Literal":"6"}},{"$id":"171","name":"DisplayOrder","syntax":"Literal","expressions":{"$id":"172","Literal":"6"}},{"$id":"173","name":"Visible","syntax":"Literal","expressions":{"$id":"174","Literal":"True"}},{"$id":"175","name":"Indexed","syntax":"Literal","expressions":{"$id":"176","Literal":"False"}}],"propertyStorageProviders":{"$id":"177"}},{"$id":"178","activityId":"CreateCol_Channel_7","type":"TypeAddColumn","name":"CreateCol_Channel_LastBuildDate","displayName":"CreateCol_Channel_LastBuildDate","x":832,"y":832,"persistWorkflow":false,"loadWorkflowContext":false,"saveWorkflowContext":false,"properties":[{"$id":"179","name":"ObjectType","syntax":"JavaScript","expressions":{"$id":"180","JavaScript":"return \"Channel\";"}},{"$id":"181","name":"ColumnName","syntax":"Literal","expressions":{"$id":"182","Literal":"LastBuildDate"}},{"$id":"183","name":"ColumnDisplayName","syntax":"Literal","expressions":{"$id":"184","Literal":"LastBuildDate"}},{"$id":"185","name":"ColumnDescription","syntax":"Literal","expressions":{"$id":"186","Literal":"LastBuildDate"}},{"$id":"187","name":"ColumnTypeId","syntax":"Literal","expressions":{"$id":"188","Literal":"7"}},{"$id":"189","name":"DisplayOrder","syntax":"Literal","expressions":{"$id":"190","Literal":"7"}},{"$id":"191","name":"Visible","syntax":"Literal","expressions":{"$id":"192","Literal":"True"}},{"$id":"193","name":"Indexed","syntax":"Literal","expressions":{"$id":"194","Literal":"False"}}],"propertyStorageProviders":{"$id":"195"}},{"$id":"196","activityId":"CreateCol_Channel_8","type":"TypeAddColumn","name":"CreateCol_Channel_PubDate","displayName":"CreateCol_Channel_PubDate","x":960,"y":960,"persistWorkflow":false,"loadWorkflowContext":false,"saveWorkflowContext":false,"properties":[{"$id":"197","name":"ObjectType","syntax":"JavaScript","expressions":{"$id":"198","JavaScript":"return \"Channel\";"}},{"$id":"199","name":"ColumnName","syntax":"Literal","expressions":{"$id":"200","Literal":"PubDate"}},{"$id":"201","name":"ColumnDisplayName","syntax":"Literal","expressions":{"$id":"202","Literal":"PubDate"}},{"$id":"203","name":"ColumnDescription","syntax":"Literal","expressions":{"$id":"204","Literal":"PubDate"}},{"$id":"205","name":"ColumnTypeId","syntax":"Literal","expressions":{"$id":"206","Literal":"6"}},{"$id":"207","name":"DisplayOrder","syntax":"Literal","expressions":{"$id":"208","Literal":"8"}},{"$id":"209","name":"Visible","syntax":"Literal","expressions":{"$id":"210","Literal":"True"}},{"$id":"211","name":"Indexed","syntax":"Literal","expressions":{"$id":"212","Literal":"False"}}],"propertyStorageProviders":{"$id":"213"}},{"$id":"214","activityId":"CreateType_Test","type":"TypeCreate","name":"CreateType_Test","displayName":"CreateType_Test","description":"CreateType_Test","x":64,"y":64,"persistWorkflow":false,"loadWorkflowContext":false,"saveWorkflowContext":false,"properties":[{"$id":"215","name":"TypeName","syntax":"Literal","expressions":{"$id":"216","Literal":"Test"}},{"$id":"217","name":"TypeDescription","syntax":"Literal","expressions":{"$id":"218","Literal":"Test"}}],"propertyStorageProviders":{"$id":"219"}},{"$id":"220","activityId":"CreateType_Item","type":"TypeCreate","name":"CreateType_Item","displayName":"CreateType_Item","description":"CreateType_Item","x":64,"y":64,"persistWorkflow":false,"loadWorkflowContext":false,"saveWorkflowContext":false,"properties":[{"$id":"221","name":"TypeName","syntax":"Literal","expressions":{"$id":"222","Literal":"Item"}},{"$id":"223","name":"TypeDescription","syntax":"Literal","expressions":{"$id":"224","Literal":"A rss item"}}],"propertyStorageProviders":{"$id":"225"}},{"$id":"226","activityId":"CreateCol_Item_11","type":"TypeAddColumn","name":"CreateCol_Item_Category","displayName":"CreateCol_Item_Category","x":192,"y":192,"persistWorkflow":false,"loadWorkflowContext":false,"saveWorkflowContext":false,"properties":[{"$id":"227","name":"ObjectType","syntax":"JavaScript","expressions":{"$id":"228","JavaScript":"return \"Item\";"}},{"$id":"229","name":"ColumnName","syntax":"Literal","expressions":{"$id":"230","Literal":"Category"}},{"$id":"231","name":"ColumnDisplayName","syntax":"Literal","expressions":{"$id":"232","Literal":"Category"}},{"$id":"233","name":"ColumnDescription","syntax":"Literal","expressions":{"$id":"234","Literal":"Category"}},{"$id":"235","name":"ColumnTypeId","syntax":"Literal","expressions":{"$id":"236","Literal":"6"}},{"$id":"237","name":"DisplayOrder","syntax":"Literal","expressions":{"$id":"238","Literal":"2"}},{"$id":"239","name":"Visible","syntax":"Literal","expressions":{"$id":"240","Literal":"True"}},{"$id":"241","name":"Indexed","syntax":"Literal","expressions":{"$id":"242","Literal":"False"}}],"propertyStorageProviders":{"$id":"243"}},{"$id":"244","activityId":"CreateCol_Item_12","type":"TypeAddColumn","name":"CreateCol_Item_Creator","displayName":"CreateCol_Item_Creator","x":320,"y":320,"persistWorkflow":false,"loadWorkflowContext":false,"saveWorkflowContext":false,"properties":[{"$id":"245","name":"ObjectType","syntax":"JavaScript","expressions":{"$id":"246","JavaScript":"return \"Item\";"}},{"$id":"247","name":"ColumnName","syntax":"Literal","expressions":{"$id":"248","Literal":"Creator"}},{"$id":"249","name":"ColumnDisplayName","syntax":"Literal","expressions":{"$id":"250","Literal":"Creator"}},{"$id":"251","name":"ColumnDescription","syntax":"Literal","expressions":{"$id":"252","Literal":"Creator"}},{"$id":"253","name":"ColumnTypeId","syntax":"Literal","expressions":{"$id":"254","Literal":"6"}},{"$id":"255","name":"DisplayOrder","syntax":"Literal","expressions":{"$id":"256","Literal":"3"}},{"$id":"257","name":"Visible","syntax":"Literal","expressions":{"$id":"258","Literal":"True"}},{"$id":"259","name":"Indexed","syntax":"Literal","expressions":{"$id":"260","Literal":"False"}}],"propertyStorageProviders":{"$id":"261"}},{"$id":"262","activityId":"CreateCol_Item_13","type":"TypeAddColumn","name":"CreateCol_Item_Description","displayName":"CreateCol_Item_Description","x":448,"y":448,"persistWorkflow":false,"loadWorkflowContext":false,"saveWorkflowContext":false,"properties":[{"$id":"263","name":"ObjectType","syntax":"JavaScript","expressions":{"$id":"264","JavaScript":"return \"Item\";"}},{"$id":"265","name":"ColumnName","syntax":"Literal","expressions":{"$id":"266","Literal":"Description"}},{"$id":"267","name":"ColumnDisplayName","syntax":"Literal","expressions":{"$id":"268","Literal":"Description"}},{"$id":"269","name":"ColumnDescription","syntax":"Literal","expressions":{"$id":"270","Literal":"Description"}},{"$id":"271","name":"ColumnTypeId","syntax":"Literal","expressions":{"$id":"272","Literal":"6"}},{"$id":"273","name":"DisplayOrder","syntax":"Literal","expressions":{"$id":"274","Literal":"4"}},{"$id":"275","name":"Visible","syntax":"Literal","expressions":{"$id":"276","Literal":"True"}},{"$id":"277","name":"Indexed","syntax":"Literal","expressions":{"$id":"278","Literal":"False"}}],"propertyStorageProviders":{"$id":"279"}},{"$id":"280","activityId":"CreateCol_Item_14","type":"TypeAddColumn","name":"CreateCol_Item_ImageUrl","displayName":"CreateCol_Item_ImageUrl","x":576,"y":576,"persistWorkflow":false,"loadWorkflowContext":false,"saveWorkflowContext":false,"properties":[{"$id":"281","name":"ObjectType","syntax":"JavaScript","expressions":{"$id":"282","JavaScript":"return \"Item\";"}},{"$id":"283","name":"ColumnName","syntax":"Literal","expressions":{"$id":"284","Literal":"ImageUrl"}},{"$id":"285","name":"ColumnDisplayName","syntax":"Literal","expressions":{"$id":"286","Literal":"ImageUrl"}},{"$id":"287","name":"ColumnDescription","syntax":"Literal","expressions":{"$id":"288","Literal":"ImageUrl"}},{"$id":"289","name":"ColumnTypeId","syntax":"Literal","expressions":{"$id":"290","Literal":"6"}},{"$id":"291","name":"DisplayOrder","syntax":"Literal","expressions":{"$id":"292","Literal":"5"}},{"$id":"293","name":"Visible","syntax":"Literal","expressions":{"$id":"294","Literal":"True"}},{"$id":"295","name":"Indexed","syntax":"Literal","expressions":{"$id":"296","Literal":"False"}}],"propertyStorageProviders":{"$id":"297"}},{"$id":"298","activityId":"CreateCol_Item_15","type":"TypeAddColumn","name":"CreateCol_Item_Link","displayName":"CreateCol_Item_Link","x":704,"y":704,"persistWorkflow":false,"loadWorkflowContext":false,"saveWorkflowContext":false,"properties":[{"$id":"299","name":"ObjectType","syntax":"JavaScript","expressions":{"$id":"300","JavaScript":"return \"Item\";"}},{"$id":"301","name":"ColumnName","syntax":"Literal","expressions":{"$id":"302","Literal":"Link"}},{"$id":"303","name":"ColumnDisplayName","syntax":"Literal","expressions":{"$id":"304","Literal":"Link"}},{"$id":"305","name":"ColumnDescription","syntax":"Literal","expressions":{"$id":"306","Literal":"Link"}},{"$id":"307","name":"ColumnTypeId","syntax":"Literal","expressions":{"$id":"308","Literal":"8"}},{"$id":"309","name":"DisplayOrder","syntax":"Literal","expressions":{"$id":"310","Literal":"6"}},{"$id":"311","name":"Visible","syntax":"Literal","expressions":{"$id":"312","Literal":"True"}},{"$id":"313","name":"Indexed","syntax":"Literal","expressions":{"$id":"314","Literal":"False"}}],"propertyStorageProviders":{"$id":"315"}},{"$id":"316","activityId":"CreateCol_Item_16","type":"TypeAddColumn","name":"CreateCol_Item_pubDate","displayName":"CreateCol_Item_pubDate","x":832,"y":832,"persistWorkflow":false,"loadWorkflowContext":false,"saveWorkflowContext":false,"properties":[{"$id":"317","name":"ObjectType","syntax":"JavaScript","expressions":{"$id":"318","JavaScript":"return \"Item\";"}},{"$id":"319","name":"ColumnName","syntax":"Literal","expressions":{"$id":"320","Literal":"pubDate"}},{"$id":"321","name":"ColumnDisplayName","syntax":"Literal","expressions":{"$id":"322","Literal":"pubDate"}},{"$id":"323","name":"ColumnDescription","syntax":"Literal","expressions":{"$id":"324","Literal":"pubDate"}},{"$id":"325","name":"ColumnTypeId","syntax":"Literal","expressions":{"$id":"326","Literal":"7"}},{"$id":"327","name":"DisplayOrder","syntax":"Literal","expressions":{"$id":"328","Literal":"7"}},{"$id":"329","name":"Visible","syntax":"Literal","expressions":{"$id":"330","Literal":"True"}},{"$id":"331","name":"Indexed","syntax":"Literal","expressions":{"$id":"332","Literal":"False"}}],"propertyStorageProviders":{"$id":"333"}},{"$id":"334","activityId":"CreateCol_Item_17","type":"TypeAddColumn","name":"CreateCol_Item_Guid","displayName":"CreateCol_Item_Guid","x":960,"y":960,"persistWorkflow":false,"loadWorkflowContext":false,"saveWorkflowContext":false,"properties":[{"$id":"335","name":"ObjectType","syntax":"JavaScript","expressions":{"$id":"336","JavaScript":"return \"Item\";"}},{"$id":"337","name":"ColumnName","syntax":"Literal","expressions":{"$id":"338","Literal":"Guid"}},{"$id":"339","name":"ColumnDisplayName","syntax":"Literal","expressions":{"$id":"340","Literal":"Guid"}},{"$id":"341","name":"ColumnDescription","syntax":"Literal","expressions":{"$id":"342","Literal":"Guid"}},{"$id":"343","name":"ColumnTypeId","syntax":"Literal","expressions":{"$id":"344","Literal":"6"}},{"$id":"345","name":"DisplayOrder","syntax":"Literal","expressions":{"$id":"346","Literal":"8"}},{"$id":"347","name":"Visible","syntax":"Literal","expressions":{"$id":"348","Literal":"True"}},{"$id":"349","name":"Indexed","syntax":"Literal","expressions":{"$id":"350","Literal":"False"}}],"propertyStorageProviders":{"$id":"351"}}],"connections":[{"$id":"352","sourceActivityId":"CreateType_Channel","targetActivityId":"CreateCol_Channel_2","outcome":"Success"},{"$id":"353","sourceActivityId":"CreateCol_Channel_2","targetActivityId":"CreateCol_Channel_3","outcome":"Success"},{"$id":"354","sourceActivityId":"CreateCol_Channel_3","targetActivityId":"CreateCol_Channel_4","outcome":"Success"},{"$id":"355","sourceActivityId":"CreateCol_Channel_4","targetActivityId":"CreateCol_Channel_5","outcome":"Success"},{"$id":"356","sourceActivityId":"CreateCol_Channel_5","targetActivityId":"CreateCol_Channel_6","outcome":"Success"},{"$id":"357","sourceActivityId":"CreateCol_Channel_6","targetActivityId":"CreateCol_Channel_7","outcome":"Success"},{"$id":"358","sourceActivityId":"CreateCol_Channel_7","targetActivityId":"CreateCol_Channel_8","outcome":"Success"},{"$id":"359","sourceActivityId":"CreateCol_Channel_8","targetActivityId":"CreateType_Test","outcome":"Success"},{"$id":"360","sourceActivityId":"CreateType_Test","targetActivityId":"CreateType_Item","outcome":"Success"},{"$id":"361","sourceActivityId":"CreateType_Item","targetActivityId":"CreateCol_Item_11","outcome":"Success"},{"$id":"362","sourceActivityId":"CreateCol_Item_11","targetActivityId":"CreateCol_Item_12","outcome":"Success"},{"$id":"363","sourceActivityId":"CreateCol_Item_12","targetActivityId":"CreateCol_Item_13","outcome":"Success"},{"$id":"364","sourceActivityId":"CreateCol_Item_13","targetActivityId":"CreateCol_Item_14","outcome":"Success"},{"$id":"365","sourceActivityId":"CreateCol_Item_14","targetActivityId":"CreateCol_Item_15","outcome":"Success"},{"$id":"366","sourceActivityId":"CreateCol_Item_15","targetActivityId":"CreateCol_Item_16","outcome":"Success"},{"$id":"367","sourceActivityId":"CreateCol_Item_16","targetActivityId":"CreateCol_Item_17","outcome":"Success"}],"id":"1"}