{"$id":"1","name":"InitialReader","description":"","version":"1","icon":"","iconName":"Icon","deleteWorkflowAfterSetup":true,"typeQueries":[{"$id":"2","sourceTypeId":1,"selected":true,"typeName":"Channel","typeDescription":"RSS Channel","typeColumns":[{"$id":"3","columnId":1,"columnName":"Title","columnDisplayName":"Title","columnDescription":"Title of the Object","dataTypeId":6,"displayOrder":1,"visible":true,"indexed":false},{"$id":"4","columnId":2,"columnName":"AtomLink","columnDisplayName":"AtomLink","columnDescription":"AtomLink","dataTypeId":6,"displayOrder":2,"visible":true,"indexed":false},{"$id":"5","columnId":3,"columnName":"Copyright","columnDisplayName":"Copyright","columnDescription":"Copyright","dataTypeId":6,"displayOrder":3,"visible":true,"indexed":false},{"$id":"6","columnId":4,"columnName":"FeedURL","columnDisplayName":"FeedURL","columnDescription":"FeedURL","dataTypeId":8,"displayOrder":4,"visible":true,"indexed":false},{"$id":"7","columnId":5,"columnName":"Description","columnDisplayName":"Description","columnDescription":"Description","dataTypeId":6,"displayOrder":5,"visible":true,"indexed":false},{"$id":"8","columnId":6,"columnName":"Language","columnDisplayName":"Language","columnDescription":"Language","dataTypeId":6,"displayOrder":6,"visible":true,"indexed":false},{"$id":"9","columnId":7,"columnName":"LastBuildDate","columnDisplayName":"LastBuildDate","columnDescription":"LastBuildDate","dataTypeId":7,"displayOrder":7,"visible":true,"indexed":false},{"$id":"10","columnId":8,"columnName":"PubDate","columnDisplayName":"PubDate","columnDescription":"PubDate","dataTypeId":6,"displayOrder":8,"visible":true,"indexed":false}],"typeData":[],"query":"","allDataSelected":false},{"$id":"11","sourceTypeId":2,"selected":true,"typeName":"Test","typeDescription":"Test","typeColumns":[{"$id":"12","columnId":9,"columnName":"Title","columnDisplayName":"Title","columnDescription":"Title of the Object","dataTypeId":6,"displayOrder":1,"visible":true,"indexed":false}],"typeData":[],"query":"","allDataSelected":false},{"$id":"13","sourceTypeId":3,"selected":true,"typeName":"Item","typeDescription":"A rss item","typeColumns":[{"$id":"14","columnId":10,"columnName":"Title","columnDisplayName":"Title","columnDescription":"Title of the Object","dataTypeId":6,"displayOrder":1,"visible":true,"indexed":false},{"$id":"15","columnId":11,"columnName":"Category","columnDisplayName":"Category","columnDescription":"Category","dataTypeId":6,"displayOrder":2,"visible":true,"indexed":false},{"$id":"16","columnId":12,"columnName":"Creator","columnDisplayName":"Creator","columnDescription":"Creator","dataTypeId":6,"displayOrder":3,"visible":true,"indexed":false},{"$id":"17","columnId":13,"columnName":"Description","columnDisplayName":"Description","columnDescription":"Description","dataTypeId":6,"displayOrder":4,"visible":true,"indexed":false},{"$id":"18","columnId":14,"columnName":"ImageUrl","columnDisplayName":"ImageUrl","columnDescription":"ImageUrl","dataTypeId":6,"displayOrder":5,"visible":true,"indexed":false},{"$id":"19","columnId":15,"columnName":"Link","columnDisplayName":"Link","columnDescription":"Link","dataTypeId":8,"displayOrder":6,"visible":true,"indexed":false},{"$id":"20","columnId":16,"columnName":"pubDate","columnDisplayName":"pubDate","columnDescription":"pubDate","dataTypeId":7,"displayOrder":7,"visible":true,"indexed":false},{"$id":"21","columnId":17,"columnName":"Guid","columnDisplayName":"Guid","columnDescription":"Guid","dataTypeId":6,"displayOrder":8,"visible":true,"indexed":false}],"typeData":[],"query":"","allDataSelected":false}],"workflowQueries":[{"$id":"22","selected":true,"workflowDefinitionResponse":{"$id":"23","id":"433c5aa1075d41b8bdecd5165f6afe25","definitionId":"38d4fad4acea4b3ea70473be79a23701","versionId":"433c5aa1075d41b8bdecd5165f6afe25","name":"FeedGetter","displayName":"FeedGetter","version":11,"variables":"{}","customAttributes":"{}","isSingleton":false,"persistenceBehavior":"WorkflowBurst","deleteCompletedInstances":false,"isPublished":true,"isLatest":true,"activities":[{"$id":"24","activityId":"cc76e967-44b4-4d2f-b294-137381c3b7b9","type":"ObjectInstanceTrigger","displayName":"Object Instance Trigger","persistWorkflow":false,"loadWorkflowContext":false,"saveWorkflowContext":false,"properties":[{"$id":"25","name":"ObjectTypeId","expressions":{"$id":"26","literal":"2"}}]},{"$id":"27","activityId":"6d6a3b39-9489-4341-8552-3e8723d34526","type":"SendHttpRequest","name":"GetFeed","displayName":"Send HTTP Request","persistWorkflow":false,"loadWorkflowContext":false,"saveWorkflowContext":false,"properties":[{"$id":"28","name":"Url","expressions":{"$id":"29","literal":"https://www.smh.com.au/rss/feed.xml"}},{"$id":"30","name":"Method","expressions":{"$id":"31","literal":"GET"}},{"$id":"32","name":"Content","expressions":{"$id":"33"}},{"$id":"34","name":"ContentType","expressions":{"$id":"35","literal":"application/xml"}},{"$id":"36","name":"ReadContent","expressions":{"$id":"37","literal":"true"}},{"$id":"38","name":"ResponseContentParserName","expressions":{"$id":"39","literal":""}},{"$id":"40","name":"ResponseContentTargetType","expressions":{"$id":"41"}},{"$id":"42","name":"SupportedStatusCodes","expressions":{"$id":"43"}},{"$id":"44","name":"Authorization","expressions":{"$id":"45"}},{"$id":"46","name":"RequestHeaders","expressions":{"$id":"47"}}]},{"$id":"48","activityId":"b4bdaee6-cb83-4104-8cf5-53c4285bd22a","type":"SetVariable","displayName":"Set Variable","persistWorkflow":false,"loadWorkflowContext":false,"saveWorkflowContext":false,"properties":[{"$id":"49","name":"VariableName","expressions":{"$id":"50","literal":"ThisFeed"}},{"$id":"51","name":"Value","syntax":"JavaScript","expressions":{"$id":"52","javaScript":"activities.GetFeed.ResponseContent().rss"}}]},{"$id":"53","activityId":"3327da30-97e9-4843-bc35-32f8a7db10a5","type":"If","displayName":"If/Else","persistWorkflow":false,"loadWorkflowContext":false,"saveWorkflowContext":false,"properties":[{"$id":"54","name":"Condition","syntax":"JavaScript","expressions":{"$id":"55","javaScript":"activities.GetFeeds.Output().count ==0"}}]},{"$id":"56","activityId":"c9c6fb76-1f6a-49f0-96d5-15d2c6d80ebe","type":"ObjectInstanceCreate","displayName":"Create Object Instance","persistWorkflow":false,"loadWorkflowContext":false,"saveWorkflowContext":false,"properties":[{"$id":"57","name":"ObjectType","expressions":{"$id":"58","literal":"1"}},{"$id":"59","name":"Values","syntax":"JavaScript","expressions":{"$id":"60","javaScript":"var response = {\r\n    \"Title\": getVariable(\"ThisFeed\").channel.title,\r\n    \"AtomLink\": getVariable(\"ThisFeed\").channel.link,\r\n    \"Copyright\": getVariable(\"ThisFeed\").channel.copyright,\r\n    \"FeedUrl\": getVariable(\"ThisFeed\").channel.link,\r\n    \"Description\": getVariable(\"ThisFeed\").channel.description,\r\n    \"Language\": getVariable(\"ThisFeed\").channel.language,\r\n    \"LastBuildDate\": getVariable(\"ThisFeed\").channel.lastBuildDate\r\n\r\n};\r\nreturn response;"}},{"$id":"61","name":"VariableName","expressions":{"$id":"62","literal":"ThisFeed"}}]},{"$id":"63","activityId":"39bc65cb-5b31-42d3-86fe-a111019aad9a","type":"ObjectInstanceList","name":"GetFeeds","displayName":"List Object Instances","persistWorkflow":false,"loadWorkflowContext":false,"saveWorkflowContext":false,"properties":[{"$id":"64","name":"ObjectType","expressions":{"$id":"65","literal":"1"}},{"$id":"66","name":"Filter","expressions":{"$id":"67","literal":"","liquid":""}},{"$id":"68","name":"Skip","expressions":{"$id":"69"}},{"$id":"70","name":"Limit","expressions":{"$id":"71"}},{"$id":"72","name":"OrderBy","expressions":{"$id":"73"}}]}],"connections":[{"$id":"74","sourceActivityId":"cc76e967-44b4-4d2f-b294-137381c3b7b9","targetActivityId":"6d6a3b39-9489-4341-8552-3e8723d34526","outcome":"Done"},{"$id":"75","sourceActivityId":"6d6a3b39-9489-4341-8552-3e8723d34526","targetActivityId":"b4bdaee6-cb83-4104-8cf5-53c4285bd22a","outcome":"Done"},{"$id":"76","sourceActivityId":"b4bdaee6-cb83-4104-8cf5-53c4285bd22a","targetActivityId":"39bc65cb-5b31-42d3-86fe-a111019aad9a","outcome":"Done"},{"$id":"77","sourceActivityId":"39bc65cb-5b31-42d3-86fe-a111019aad9a","targetActivityId":"3327da30-97e9-4843-bc35-32f8a7db10a5","outcome":"Done"},{"$id":"78","sourceActivityId":"3327da30-97e9-4843-bc35-32f8a7db10a5","targetActivityId":"c9c6fb76-1f6a-49f0-96d5-15d2c6d80ebe","outcome":"True"}]}}],"viewQueries":[],"enableData":false,"solutionImportArchive":""}